{"rmse": 57.73201264401277, "mae": 9.962294785277319, "sae": 1.2352262830514622, "stop_epoch": 18}