{"rmse": 50.76062534320061, "mae": 7.899607277807012, "sae": 0.8858806203679119, "stop_epoch": 11}