{"rmse": 29.479827175826767, "rmse_2": 27.910295690354772, "rmse_3": 27.097795062298015, "stop_epoch": 10}