{"rmse": 0.07396545777290285, "rmse_2": 0.0543451926942243, "rmse_3": 0.05421583488423084, "stop_epoch": 14}