{"rmse": 67.77405034167784, "mae": 59.054790979889006, "sae": 0.052280441614408646, "stop_epoch": 19}