{"rmse": 65.24090333600455, "mae": 54.978956499731126, "sae": 0.09841161615395742, "stop_epoch": 20}