{"rmse": 0.011855342412322998, "rmse_2": 0.02942547777353021, "rmse_3": 0.06374729496998519, "stop_epoch": 17}