{"rmse": 62.57475141819561, "mae": 45.16859242289251, "sae": 0.2011207202718685, "stop_epoch": 20}