{"rmse": 16.410765277542524, "rmse_2": 17.815917101080856, "rmse_3": 12.36603995842811, "stop_epoch": 20}